"xx","yy","mean","s2"
-0.5,0,0.0263781465743455,0.00156705268529553
-0.499,1.42814454200603e-216,0.0244626737934611,0.00146465491106714
-0.498,5.33972406862336e-108,0.022635301154404,0.00137086260611432
-0.497,8.27653010900262e-72,0.0208934023117176,0.00128501449787715
-0.496,1.02936840235091e-53,0.0192342041766488,0.00120648336938827
-0.495,7.39687777325445e-43,0.0176551023316556,0.00113469129006574
-0.494,1.27762025593677e-35,0.0161536212808267,0.00106909827658232
-0.493,1.88661190647422e-30,0.0147274272038939,0.00100920014693599
-0.492,1.4204195067099e-26,0.0133740753330386,0.00095453061209075
-0.491,1.47045465841282e-23,0.0120913857148353,0.000904654522681387
-0.49,3.79573773909942e-21,0.0108771944362016,0.000859172652957554
-0.489,3.56825408667713e-19,0.00972932992520339,0.000817709995486538
-0.488,1.57253623192643e-17,0.00864598316673379,0.000779925633099773
-0.487,3.86951424544855e-16,0.00762509268383782,0.000745497952847224
-0.486,6.02359403081085e-15,0.0066649904539451,0.0007141365199342
-0.485,6.5008317713108e-14,0.00576389204358374,0.000685570232357002
-0.484,5.20983589757557e-13,0.00492011940189417,0.000659551837990453
-0.483,3.26761291420158e-12,0.00413221651574681,0.000635850159210364
-0.482,1.67081886874425e-11,0.00339866892699856,0.000614256962860917
-0.481,7.19326743254077e-11,0.00271812763605535,0.000594578898164595
-0.48,2.67562838562227e-10,0.00208932094890302,0.000576640407813021
-0.479,8.78008232739676e-10,0.00151109487184714,0.0005602825839652
-0.478,2.58562693104295e-09,0.000982277733084343,0.000545355097666341
-0.477,6.93039889959079e-09,0.000501864847836611,0.000531725053307282
-0.476,1.71074208215641e-08,6.89098525434575e-05,0.000519269727393025
-0.475,3.92768095924348e-08,-0.000317422298667151,0.000507877707461224
-0.474,8.45754711547066e-08,-0.000657896193046527,0.000497448909866681
-0.473,1.72029309436442e-07,-0.000953306206110295,0.000487892064237508
-0.472,3.32553565345803e-07,-0.00120410923087482,0.000479122103008271
-0.471,6.14196802071287e-07,-0.0014109880669328,0.000471066372143798
-0.47,1.08873242214144e-06,-0.00157423329432391,0.000463656025288204
-0.469,1.85963497576388e-06,-0.00169435703695458,0.000456828267291104
-0.468,3.07140308945759e-06,-0.00177165999963276,0.000450529685308242
-0.467,4.92011347806681e-06,-0.0018062992583968,0.000444709480751815
-0.466,7.66501777752221e-06,-0.00179842889433048,0.000439323910873693
-0.465,1.16409313855826e-05,-0.00174818909526586,0.000434330488433974
-0.464,1.72711151602524e-05,-0.00165557786191258,0.000429695095716418
-0.463,2.50803190641364e-05,-0.00152052259538578,0.000425383146719615
-0.462,3.57076424059517e-05,-0.00134291519517274,0.0004213666214506
-0.461,4.99188675730874e-05,-0.00112257467787337,0.000417619939280285
-0.46,6.8617941348182e-05,-0.000859176091240658,0.00041411667019507
-0.459,9.2857307602019e-05,-0.000552520844492053,0.000410838690534593
-0.458,0.000123846834496186,-0.000202127501359125,0.000407765770631917
-0.457,0.000162961125337466,0.000192303159211255,0.00040488197355636
-0.456,0.000211745052037447,0.000631357642175957,0.000402172106187761
-0.455,0.000271917401154479,0.00111554189949698,0.000399623268272968
-0.454,0.000345372572514891,0.00164544323569254,0.000397223806309176
-0.453,0.000434180317638101,0.00222172794208624,0.000394964247731996
-0.452,0.000540583548273123,0.00284503777218288,0.000392836497121627
-0.451,0.000666994283357412,0.00351616414523318,0.000390833190777757
-0.45,0.000815987835072148,0.0042358090473286,0.000388949962804768
-0.449,0.000990295361155618,0.00500489528314501,0.000387180802170036
-0.448,0.00119279493127599,0.00582413240409719,0.000385525577968893
-0.447,0.00142650127029538,0.00669453382641125,0.000383980845255174
-0.446,0.00169455435106792,0.00761692728757587,0.00038254706910721
-0.445,0.00200020701450325,0.00859228475131812,0.000381226092723707
-0.444,0.00234681179555102,0.0096216401258216,0.000380018709527176
-0.443,0.00273780713111287,0.0107059490057645,0.000378929695828291
-0.442,0.00317670312025262,0.011846248489455,0.000377963768380478
-0.441,0.00366706699902672,0.0130435507306838,0.000377127359061653
-0.44,0.00421250848232668,0.0142989280258651,0.000376426430236325
-0.439,0.00481666511380869,0.0156134549670874,0.000375868304490039
-0.438,0.00548318775271704,0.0169882086663492,0.000375462555950808
-0.437,0.00621572631357763,0.0184242985989812,0.000375217398792399
-0.436,0.00701791586167023,0.0199228439413992,0.000375141928693335
-0.435,0.00789336315416962,0.021484902559489,0.000375246689257204
-0.434,0.00884563370409666,0.0231115499018971,0.00037553891788796
-0.433,0.00987823943193156,0.0248039510360124,0.000376029074373714
-0.432,0.0109946269580445,0.0265631460321996,0.000376726389141184
-0.431,0.012198166578112,0.0283902798464852,0.000377635512333692
-0.43,0.0134921419534676,0.0302863761572813,0.000378765988926538
-0.429,0.0148797405389472,0.032252601559893,0.000380120822635506
-0.428,0.0163640447622306,0.0342898464251019,0.000381705096940198
-0.427,0.0179480239609841,0.0363993448334412,0.000383519002586
-0.426,0.019634527077235,0.0385819283470338,0.000385564948964247
-0.425,0.0214262761023531,0.0408387362203606,0.000387837488909824
-0.424,0.0233258602607289,0.0431707713596321,0.000390335910941302
-0.423,0.0253357309156928,0.0455788976622743,0.000393053213112334
-0.422,0.0274581971773629,0.0480641210152007,0.000395980523348048
-0.421,0.0296954221888924,0.0506272406511291,0.000399111313373094
-0.42,0.0320494200649604,0.053269478118893,0.000402432636492218
-0.419,0.0345220534542665,0.0559913728880656,0.000405928794869696
-0.418,0.0371150316961881,0.0587938949463226,0.000409590638712693
-0.417,0.0398299095406095,0.0616778525632731,0.000413401406355414
-0.416,0.0426680863991551,0.0646440684505332,0.00041734774563794
-0.415,0.0456308060956543,0.0676932387406868,0.00042141127296659
-0.414,0.0487191570835404,0.0708262486411769,0.000425579256109887
-0.413,0.0519340730980535,0.0740437159478434,0.000429834390365008
-0.412,0.0552763342114806,0.0773461885725471,0.000434164896692372
-0.411,0.0587465682602559,0.0807345072108268,0.000438555416382082
-0.41,0.0623452526134789,0.084209294058487,0.000442991510645948
-0.409,0.0660727162532797,0.0877710714403009,0.000447461091310147
-0.408,0.0699291421384469,0.091420405363759,0.000451955599584802
-0.407,0.0739145698238125,0.0951578729209525,0.00045646009035397
-0.406,0.078028898309011,0.0989838851682707,0.000460970295376291
-0.405,0.082271889091433,0.102899144671399,0.000465473348200207
-0.404,0.0866431693994054,0.106903762965906,0.000469960045236775
-0.403,0.0911422355828681,0.110998563547644,0.000474422262481906
-0.402,0.0957684566400715,0.115183658454972,0.000478851189103815
-0.401,0.100521077860051,0.119459376364873,0.000483240022701628
-0.4,0.105399224561864,0.123826175292968,0.000487573084192892
-0.399,0.110401905912812,0.128284201802997,0.00049184310586773
-0.398,0.115528018808996,0.132833859859238,0.000496040450154981
-0.397,0.120776351802781,0.137475163016687,0.000500146719191781
-0.396,0.126145589062793,0.142208412182685,0.000504155708217154
-0.395,0.131634314353197,0.147033648133846,0.00050804576655329
-0.394,0.137241015020019,0.151950990586171,0.000511806774059168
-0.393,0.142964085973278,0.156960593531598,0.000515420377006278
-0.392,0.148801833654634,0.162062277019189,0.000518874485024773
-0.391,0.154752479981171,0.167256044597003,0.000522151853185908
-0.39,0.160814166256793,0.172541898209298,0.000525240841324427
-0.389,0.166984957043523,0.177919525360801,0.000528130063208463
-0.388,0.17326284398575,0.183388789284488,0.000530808971482321
-0.387,0.17964574958122,0.188949616439914,0.000533269146364722
-0.386,0.186131530893238,0.194601560028054,0.000535509980919809
-0.385,0.192717983199164,0.20034434271942,0.000537528284061107
-0.384,0.199402843570926,0.206177321607626,0.000539331413154509
-0.383,0.206183794383804,0.212100546123176,0.000540923492545057
-0.382,0.21305846675026,0.218113168189837,0.000542318717479603
-0.381,0.220024443876097,0.224214699975805,0.000543532226516692
-0.38,0.227079264336641,0.23040457315995,0.000544585736596406
-0.379,0.234220425271099,0.236682206237728,0.00054550168793722
-0.378,0.241445385493601,0.243046886791199,0.000546306899711232
-0.377,0.248751568519793,0.249497808251003,0.000547033324582141
-0.376,0.256136365508181,0.256034315936418,0.000547709880647602
-0.375,0.263597138115727,0.262655523655285,0.000548375914581949
-0.374,0.271131221267453,0.269360418702674,0.00054906193005474
-0.373,0.278735925840079,0.27614810394451,0.000549805489182357
-0.372,0.286408541259933,0.283017788224732,0.000550642437669563
-0.371,0.294146338015578,0.289968165186026,0.000551606255188328
-0.37,0.301946570085799,0.296998333878435,0.000552729378503083
-0.369,0.309806477283735,0.304107147740953,0.00055404456201353
-0.368,0.317723287518115,0.311293423326236,0.000555578315455512
-0.367,0.325694218972668,0.318555746815322,0.000557358430678011
-0.366,0.333716482204918,0.325892961282711,0.000559406425672147
-0.365,0.341787282165654,0.333303875337696,0.000561744831880519
-0.364,0.349903820140469,0.340787003525192,0.000564388266948995
-0.363,0.358063295614839,0.348340878394701,0.000567355446631317
-0.362,0.366262908064292,0.355963875797795,0.000570647692722562
-0.361,0.374499858671237,0.363654571176075,0.000574280459985132
-0.36,0.38277135197011,0.371411262541145,0.000578251782274643
-0.359,0.39107459742253,0.37923231741291,0.000582565021167877
-0.358,0.399406810924147,0.387116024829332,0.000587223468628521
-0.357,0.407765216244943,0.395060253512214,0.000592212644858326
-0.356,0.416147046404725,0.403063434404664,0.000597528453504201
-0.355,0.424549544985575,0.41112332403007,0.000603158432660567
-0.354,0.432969967383035,0.419238031848227,0.000609089980749711
-0.353,0.441405581997777,0.427405252799069,0.000615303826706045
-0.352,0.449853671369527,0.435623035266242,0.000621777740626698
-0.351,0.458311533255019,0.443888649013729,0.000628488783865726
-0.35,0.466776481651681,0.452199803524705,0.000635404553795703
-0.349,0.475245847768828,0.46055429098146,0.000642497192149833
-0.348,0.483716980948018,0.468949102536752,0.000649730015982107
-0.347,0.492187249534313,0.477381715835144,0.00065706401223348
-0.346,0.500654041700065,0.485849430124086,0.000664456817989918
-0.345,0.509114766222885,0.494349295743566,0.000671861231608183
-0.344,0.51756685321941,0.502878044386177,0.000679226179385227
-0.343,0.526007754836442,0.511432713013432,0.000686499076604627
-0.342,0.534434945901007,0.520010492276815,0.00069363290252911
-0.341,0.542845924530878,0.528607514820207,0.000700568888225565
-0.34,0.551238212707014,0.537220669227995,0.000707243970035165
-0.339,0.559609356809417,0.545846559341585,0.000713606101855703
-0.338,0.56795692811779,0.554481379888014,0.000719597106970445
-0.337,0.576278523278414,0.563121590569526,0.000725151606070723
-0.336,0.584571764738572,0.571763511733679,0.000730222696449711
-0.335,0.592834301149878,0.58040329423277,0.000734766406633646
-0.334,0.601063807741759,0.589036879505645,0.000738711201111353
-0.333,0.609257986666377,0.597660303090669,0.000742022786732736
-0.332,0.617414567316171,0.606269978049626,0.000744669040246391
-0.331,0.62553130661525,0.614861399959596,0.000746598754994547
-0.33,0.633605989285746,0.623430375220572,0.000747780347988945
-0.329,0.641636428090269,0.631972974837257,0.000748205968265334
-0.328,0.649620464051529,0.640485143707331,0.000747842526572442
-0.327,0.657555966650207,0.648962201171108,0.000746693200670908
-0.326,0.665440834002056,0.657400295476967,0.000744735914410545
-0.325,0.673272993015245,0.665795150022867,0.000741982912904515
-0.324,0.681050399528895,0.674142410041147,0.000738438324412595
-0.323,0.688771038433738,0.682437917270174,0.00073411804109896
-0.322,0.696432923775773,0.690677519509502,0.000729052843948013
-0.321,0.704034098843824,0.698857051939827,0.000723258981212506
-0.32,0.711572636241797,0.706972359716238,0.000716774140766131
-0.319,0.719046637946474,0.715019427692279,0.00070963414925717
-0.318,0.726454235351609,0.72299439214538,0.000701872245609287
-0.317,0.73379358929909,0.730893172915221,0.000693540542594233
-0.316,0.741062890097895,0.738711963211466,0.000684695439672905
-0.315,0.748260357531535,0.746447046180228,0.000675374258993619
-0.314,0.755384240854682,0.754094782700679,0.000665637265493959
-0.313,0.762432818779612,0.761651665737884,0.000655531391314997
-0.312,0.769404399453114,0.76911434707446,0.000645120871700601
-0.311,0.776297320424463,0.776479463898393,0.000634464258901429
-0.31,0.78310994860504,0.78374355276917,0.000623607527480516
-0.309,0.789840680220173,0.790904080197689,0.000612620098682218
-0.308,0.796487940753726,0.79795795859915,0.000601552584112429
-0.307,0.803050184885975,0.804902223076421,0.000590457893469327
-0.306,0.809525896425262,0.811734657935634,0.000579398650490167
-0.305,0.81591358823392,0.818452385699919,0.000568428546195581
-0.304,0.822211802148916,0.82505332675479,0.000557597163823373
-0.303,0.828419108897685,0.831535266263616,0.000546966898223662
-0.302,0.834534108009561,0.837896546209965,0.000536577052456291
-0.301,0.840555427723235,0.844134824854037,0.000526491598685773
-0.3,0.846481724890614,0.850248751700245,0.00051675045689839
-0.299,0.8523116848775,0.856236394416087,0.000507409743776856
-0.298,0.858044021461404,0.86209704076859,0.000498509717574359
-0.297,0.863677476726892,0.867829093768205,0.000490093213371323
-0.296,0.869210820958768,0.873431265781424,0.000482210311248552
-0.295,0.874642852533434,0.878903258106748,0.000474901250190854
-0.294,0.879972397808725,0.88424404252442,0.000468195759292815
-0.293,0.885198311012526,0.889452876995835,0.000462147751653753
-0.292,0.890319474130445,0.894529262821825,0.000456771728923666
-0.291,0.895334796792823,0.899473332345169,0.000452109001674172
-0.29,0.900243216161337,0.904284174475498,0.000448183515173988
-0.289,0.905043696815436,0.90896232653195,0.000445020622299312
-0.288,0.909735230638882,0.913507174469251,0.000442634726202876
-0.287,0.914316836706568,0.917919564021775,0.000441049595890378
-0.286,0.918787561171895,0.92219936236989,0.000440272479544663
-0.285,0.923146477154867,0.926346978635036,0.000440306194985283
-0.284,0.927392684631131,0.930362748249592,0.000441156156092463
-0.283,0.931525310322138,0.934247488659914,0.000442815562849357
-0.282,0.935543507586612,0.938001394451429,0.000445281284426377
-0.281,0.939446456313513,0.941625629253465,0.000448529101017179
-0.28,0.943233362816628,0.945120761535613,0.000452548011646176
-0.279,0.946903459730979,0.948487507191064,0.000457303884363758
-0.278,0.950456005911181,0.951726694157467,0.000462770213702435
-0.277,0.953890286331905,0.954839508125148,0.000468909674870758
-0.276,0.957205611990564,0.957826817410231,0.000475676980135849
-0.275,0.960401319812358,0.960689722652555,0.000483026774455584
-0.274,0.963476772557826,0.963428749638684,0.000490903420823252
-0.273,0.966431358732972,0.966045430031764,0.000499248642771538
-0.272,0.969264492502125,0.968540700561559,0.000508005759827105
-0.271,0.971975613603596,0.970915529473303,0.000517102592176478
-0.27,0.974564187268261,0.973171224593901,0.000526474430763918
-0.269,0.977029704141154,0.975308554780764,0.000536047896384211
-0.268,0.979371680206146,0.977328773328285,0.000545750147561893
-0.267,0.981589656713804,0.979232843351539,0.00055550358052796
-0.266,0.983683200112512,0.981021870664419,0.000565230820729994
-0.265,0.98565190198292,0.982696623147057,0.00057485595626394
-0.264,0.987495378975783,0.984258354235139,0.000584302354761014
-0.263,0.989213272753263,0.985707972731013,0.000593492476066061
-0.262,0.99080524993376,0.987046189894242,0.000602354137753065
-0.261,0.992271002040303,0.988274032035142,0.000610812932705035
-0.26,0.993610245452576,0.989392424620063,0.0006188031387931
-0.259,0.994822721362609,0.990401651583137,0.000626255439174286
-0.258,0.995908195734188,0.991303141977216,0.000633113670068056
-0.257,0.996866459266015,0.99209703269411,0.000639318213407084
-0.256,0.997697327358657,0.992784130605651,0.000644819354616466
-0.255,0.998400640085299,0.993365009443288,0.000649573179111476
-0.254,0.998976262166363,0.993839960913806,0.000653538807341567
-0.253,0.999424082947981,0.994209746017138,0.00065668882933621
-0.252,0.999744016384349,0.994474696728351,0.000658996546783454
-0.251,0.999936001024005,0.994634829907317,0.000660443862832615
-0.25,1,0.994690486006294,0.000661021221846777
-0.249,0.999936001024005,0.994642052962625,0.000660728195027159
-0.248,0.999744016384349,0.99448930936043,0.000659569382498466
-0.247,0.999424082947981,0.994232880631113,0.000657559771354593
-0.246,0.998976262166363,0.993872145752445,0.000654718619412367
-0.245,0.998400640085299,0.993407221699955,0.000651075028913128
-0.244,0.997697327358657,0.99283816902223,0.000646666196722425
-0.243,0.996866459266016,0.992164494635803,0.000641533687505538
-0.242,0.995908195734188,0.991386141115303,0.00063572597458365
-0.241,0.994822721362608,0.990502678272082,0.000629299585517369
-0.24,0.993610245452576,0.989513752950506,0.000622316146371567
-0.239,0.992271002040304,0.988418999375552,0.000614839968573115
-0.238,0.99080524993376,0.987217823831525,0.000606941962243233
-0.237,0.989213272753262,0.98590977451665,0.000598697387982492
-0.236,0.987495378975783,0.984494175198379,0.000590182532851827
-0.235,0.985651901982921,0.982970664154775,0.000581478265877455
-0.234,0.983683200112512,0.981338136989834,0.00057266372363852
-0.233,0.981589656713804,0.979596384104996,0.000563823117783149
-0.232,0.979371680206146,0.977744408211362,0.000555038256477491
-0.231,0.977029704141155,0.975781399564806,0.000546388850032511
-0.23,0.974564187268261,0.973706814620905,0.000537957720032754
-0.229,0.971975613603595,0.971519360619598,0.00052982266994764
-0.228,0.969264492502125,0.969218940847718,0.000522056606245432
-0.227,0.966431358732973,0.966804498671812,0.000514731671089034
-0.226,0.963476772557826,0.964274683581666,0.000507911348347732
-0.225,0.960401319812358,0.961629385079729,0.00050166330465423
-0.224,0.957205611990564,0.958867474875376,0.000496040983861312
-0.223,0.953890286331906,0.955988091906875,0.000491092093606168
-0.222,0.950456005911181,0.952990485698323,0.000486864330673208
-0.221,0.946903459730978,0.949874096348353,0.000483393060344771
-0.22,0.943233362816628,0.946637796879896,0.000480705009233782
-0.219,0.939446456313514,0.943281384295959,0.000478830208422336
-0.218,0.935543507586612,0.939804126496631,0.000477771580215445
-0.217,0.931525310322137,0.936205122851434,0.000477545505254705
-0.216,0.927392684631131,0.932483914412325,0.00047814760252767
-0.215,0.923146477154867,0.928640391944506,0.0004795710321866
-0.214,0.918787561171895,0.924673566858982,0.000481796823187178
-0.213,0.914316836706567,0.920583471473009,0.000484808542934881
-0.212,0.909735230638882,0.916370061513301,0.000488566892313072
-0.211,0.905043696815436,0.912032682302297,0.000493048646957154
-0.21,0.900243216161337,0.907571319425036,0.000498203525782417
-0.209,0.895334796792823,0.90298628019131,0.000503987288307183
-0.208,0.890319474130445,0.898277436407926,0.000510353193133188
-0.207,0.885198311012526,0.893445054403213,0.000517235710619183
-0.206,0.879972397808725,0.888489703848391,0.000524584398348351
-0.205,0.874642852533434,0.883411402581487,0.000532331538956442
-0.204,0.869210820958769,0.878211175523781,0.000540414911525594
-0.203,0.863677476726892,0.872889450435924,0.000548771443810804
-0.202,0.858044021461404,0.867447138612964,0.000557335214805769
-0.201,0.8523116848775,0.861885104732549,0.000566034142160084
-0.2,0.846481724890615,0.856204459577226,0.000574803670162223
-0.199,0.840555427723235,0.85040657772424,0.000583580999359687
-0.198,0.834534108009562,0.844492649656806,0.000592311340097322
-0.197,0.828419108897685,0.838464390437093,0.000600913363192991
-0.196,0.822211802148916,0.832323078348203,0.000609357348234774
-0.195,0.81591358823392,0.826071165980246,0.000617558242450602
-0.194,0.809525896425263,0.819709759971893,0.000625486237123078
-0.193,0.803050184885974,0.813241643802241,0.000633084793822816
-0.192,0.796487940753726,0.806668640854924,0.000640316535664605
-0.191,0.789840680220173,0.799993204945456,0.000647132106076849
-0.19,0.783109948605041,0.793217981108095,0.000653510155408763
-0.189,0.776297320424463,0.786345222991541,0.000659410873580894
-0.188,0.769404399453114,0.779378125807541,0.000664816316879622
-0.187,0.762432818779612,0.772319045583135,0.00066969412324391
-0.186,0.755384240854682,0.765171715756791,0.000674041025271525
-0.185,0.748260357531535,0.757938588758181,0.000677840686065348
-0.184,0.741062890097895,0.750623267823271,0.00068107847306061
-0.183,0.73379358929909,0.743228880321966,0.00068375819074196
-0.182,0.726454235351609,0.735758893680088,0.000685881996356347
-0.181,0.719046637946474,0.728217056710138,0.000687455357152394
-0.18,0.711572636241797,0.72060642772708,0.000688482351894913
-0.179,0.704034098843823,0.712931259310765,0.000688976387720183
-0.178,0.696432923775773,0.705195157941333,0.000688949254336569
-0.177,0.688771038433737,0.697401811526149,0.000688416899452189
-0.176,0.681050399528895,0.689555233047825,0.000687400234163383
-0.175,0.673272993015244,0.681659086333788,0.000685933871831579
-0.174,0.665440834002056,0.673717468414908,0.000684032840571308
-0.173,0.657555966650207,0.66573410421941,0.000681727019778842
-0.172,0.649620464051529,0.657713523102402,0.000679037660516439
-0.171,0.641636428090268,0.649659208289,0.000676005110829285
-0.17,0.633605989285746,0.641575108963993,0.000672651490122628
-0.169,0.62553130661525,0.633465546821693,0.000669016211967336
-0.168,0.61741456731617,0.625334320095564,0.000665118460524338
-0.167,0.609257986666376,0.617185215784253,0.000661000545634605
-0.166,0.601063807741759,0.609022241806563,0.000656694234925426
-0.165,0.592834301149877,0.600849152141813,0.000652233835500253
-0.164,0.584571764738571,0.592669871125559,0.000647635545055593
-0.163,0.576278523278413,0.584487994321443,0.000642942138824938
-0.162,0.56795692811779,0.576307013120717,0.000638185583222976
-0.161,0.559609356809416,0.568130807140311,0.000633379101452551
-0.16,0.551238212707013,0.559963138603937,0.000628560536197679
-0.159,0.542845924530877,0.551806689914548,0.000623749888654747
-0.158,0.534434945901007,0.543665467876409,0.000618959569746362
-0.157,0.526007754836441,0.535542439393651,0.000614221341357472
-0.156,0.51756685321941,0.527440497657238,0.00060954939861642
-0.155,0.509114766222884,0.519363383168586,0.000604950430791382
-0.154,0.500654041700065,0.511313304589279,0.00060044309060483
-0.153,0.492187249534312,0.503294040373469,0.000596033074954693
-0.152,0.483716980948017,0.495307064553746,0.000591734084507583
-0.151,0.475245847768827,0.487356160955255,0.000587542849085632
-0.15,0.466776481651681,0.479443144597234,0.000583465109325701
-0.149,0.458311533255018,0.471571131634434,0.000579505127303983
-0.148,0.449853671369527,0.463741846327176,0.000575658859915607
-0.147,0.441405581997777,0.455957634725127,0.000571923041315491
-0.146,0.432969967383036,0.448220899429155,0.000568296013458107
-0.145,0.424549544985575,0.440533520058606,0.000564768633700015
-0.144,0.416147046404724,0.432897233159221,0.000561339336148764
-0.143,0.407765216244943,0.425314185969514,0.000557999135613546
-0.142,0.399406810924148,0.417785789878378,0.000554743550116208
-0.141,0.39107459742253,0.41031406562545,0.000551555215187804
-0.14,0.38277135197011,0.402900202475366,0.00054844370477878
-0.139,0.374499858671237,0.395545924993804,0.000545383215507003
-0.138,0.366262908064293,0.388252721797272,0.00054237874204085
-0.137,0.358063295614839,0.381021517965782,0.000539409128107892
-0.136,0.349903820140468,0.373853669385472,0.000536478260543583
-0.135,0.341787282165654,0.366750653892608,0.00053357291775263
-0.134,0.333716482204918,0.359712850484244,0.000530689529311469
-0.133,0.325694218972668,0.352742614578887,0.000527811348731264
-0.132,0.317723287518115,0.345839574049206,0.000524938979294768
-0.131,0.309806477283735,0.339005425642008,0.000522064976910611
-0.13,0.3019465700858,0.332240533378013,0.000519180043139193
-0.129,0.294146338015578,0.325546004920105,0.00051628011358016
-0.128,0.286408541259933,0.318922559944135,0.000513358772431072
-0.127,0.278735925840079,0.31237083473873,0.000510411564937511
-0.126,0.271131221267453,0.305891493803797,0.000507426647362062
-0.125,0.263597138115727,0.299485191020021,0.000504398610002199
-0.124,0.256136365508181,0.293152479827405,0.00050132993819694
-0.123,0.248751568519793,0.286893941301648,0.000498208126981299
-0.122,0.241445385493602,0.280710077161261,0.000495036453051677
-0.121,0.234220425271099,0.274601469706236,0.000491804832777483
-0.12,0.227079264336641,0.268568128687089,0.00048851525513771
-0.119,0.220024443876097,0.262610786645213,0.000485167485713376
-0.118,0.21305846675026,0.256729925919504,0.000481758141931311
-0.117,0.206183794383804,0.250925563810398,0.000478296123828258
-0.116,0.199402843570926,0.245198214784146,0.000474775329373869
-0.115,0.192717983199164,0.239548139313621,0.00047120853050072
-0.114,0.186131530893238,0.233975761909465,0.000467592465227673
-0.113,0.17964574958122,0.228480893288188,0.000463946171187132
-0.112,0.173262843985749,0.223063962894501,0.000460271835431748
-0.111,0.166984957043523,0.217725440771608,0.000456587157419518
-0.11,0.160814166256793,0.212465141409827,0.000452893630935538
-0.109,0.154752479981171,0.207283105749597,0.0004492146657686
-0.108,0.148801833654634,0.202179716272852,0.000445562794129162
-0.107,0.142964085973278,0.197154765550099,0.000441950319491142
-0.106,0.137241015020019,0.192208841701628,0.000438392519634439
-0.105,0.131634314353197,0.187341367583116,0.00043490971162252
-0.104,0.126145589062793,0.182552567091296,0.000431514619971075
-0.103,0.120776351802781,0.177842573344886,0.00042822601486207
-0.102,0.115528018808996,0.173211137085995,0.000425049350747508
-0.101,0.110401905912812,0.168658131063777,0.000422006911609037
-0.1,0.105399224561864,0.164183653156518,0.000419104606532167
-0.099,0.10052107786005,0.159787545889032,0.000416353207382803
-0.098,0.0957684566400717,0.155469526944956,0.000413761266340009
-0.097,0.0911422355828681,0.151229601371337,0.000411334065861165
-0.096,0.0866431693994053,0.147067652457189,0.000409072096184633
-0.095,0.0822718890914333,0.142982951670616,0.000406979079030419
-0.094,0.0780288983090111,0.138975935182979,0.000405049764824908
-0.093,0.0739145698238125,0.135045714078978,0.000403282975122933
-0.092,0.0699291421384467,0.131192361428275,0.0004016676596002
-0.091,0.0660727162532794,0.127415406276326,0.000400197938214546
-0.09,0.0623452526134791,0.123714332017146,0.000398860269628014
-0.089,0.0587465682602559,0.120089069948396,0.000397639404434033
-0.088,0.0552763342114805,0.116539064539678,0.000396526555242235
-0.087,0.0519340730980534,0.113063843801412,0.00039549793812604
-0.086,0.0487191570835402,0.109663205427223,0.000394542533190462
-0.085,0.045630806095654,0.106336085556685,0.000393640390409155
-0.084,0.0426680863991551,0.103082496594597,0.000392772290789939
-0.083,0.0398299095406095,0.0999015900415068,0.000391920108601609
-0.082,0.0371150316961881,0.0967930818452134,0.000391069681244449
-0.081,0.0345220534542664,0.0937559879778811,0.000390198815745877
-0.08,0.0320494200649605,0.0907899162130744,0.000389292378416868
-0.079,0.0296954221888924,0.0878943273910516,0.000388337615219364
-0.078,0.0274581971773629,0.0850682654908611,0.000387318781689301
-0.077,0.0253357309156927,0.0823113006924954,0.000386224323949927
-0.076,0.023325860260729,0.0796224132740248,0.000385043987355343
-0.075,0.0214262761023531,0.0770012159510177,0.000383768325334443
-0.074,0.0196345270772349,0.0744466155013406,0.000382392776777207
-0.073,0.017948023960984,0.0719579902606974,0.000380908896119152
-0.072,0.0163640447622306,0.0695346228562984,0.000379316787613562
-0.071,0.0148797405389472,0.0671754767769055,0.000377610728989874
-0.07,0.0134921419534676,0.0648797518780143,0.000375796951622336
-0.069,0.0121981665781119,0.0626466205094681,0.000373872517893585
-0.068,0.0109946269580446,0.0604752475685052,0.000371845786477878
-0.067,0.00987823943193158,0.0583647005916174,0.000369717587436201
-0.066,0.00884563370409664,0.0563138938018294,0.000367496940475873
-0.065,0.00789336315416957,0.0543220862131607,0.000365186234064972
-0.064,0.00701791586167027,0.0523883075704753,0.000362798645181987
-0.063,0.00621572631357764,0.050511680778129,0.000360343642692305
-0.062,0.00548318775271702,0.0486908110646062,0.000357824175916392
-0.061,0.00481666511380866,0.0469254800605124,0.000355259975167074
-0.06,0.00421250848232671,0.0452139795102395,0.000352651684852745
-0.059,0.00366706699902673,0.0435557869555674,0.000350017802401638
-0.058,0.00317670312025262,0.04194963322477,0.000347362063508421
-0.057,0.00273780713111285,0.0403946531832682,0.000344698680158472
-0.056,0.00234681179555104,0.0388899041053526,0.000342038586709047
-0.055,0.00200020701450326,0.0374344200672341,0.000339388538744913
-0.054,0.00169455435106792,0.0360269808282125,0.000336761619133055
-0.053,0.00142650127029537,0.034666704094985,0.000334164474529459
-0.052,0.00119279493127599,0.0333525603926151,0.000331604528993858
-0.051,0.00099029536115562,0.032083745240012,0.000329094277256156
-0.05,0.000815987835072145,0.0308591294309234,0.000326639908225707
-0.049,0.000666994283357406,0.0296778747777008,0.000324247800551162
-0.048,0.000540583548273128,0.0285387571243677,0.00032192340804447
-0.047,0.000434180317638102,0.0274409019586618,0.000319671209515352
-0.046,0.00034537257251489,0.0263835377572818,0.000317503457411321
-0.045,0.000271917401154476,0.0253654923798196,0.000315416052466329
-0.044,0.00021174505203745,0.0243861321075965,0.000313419567377547
-0.043,0.000162961125337467,0.0234441492049369,0.000311513418380305
-0.042,0.000123846834496186,0.0225389526167589,0.000309703956179214
-0.041,9.28573076020178e-05,0.021669500417029,0.000307993244869107
-0.04,6.86179413481828e-05,0.0208350407990459,0.000306378921766735
-0.039,4.99188675730876e-05,0.0200345705182241,0.000304868094712696
-0.038,3.57076424059515e-05,0.0192671930544873,0.000303456682321431
-0.037,2.50803190641361e-05,0.0185323139107946,0.000302149615761227
-0.036,1.72711151602521e-05,0.0178287615499178,0.000300945316900725
-0.035,1.16409313855822e-05,0.01715601993703,0.000299845791324508
-0.034,7.6650177775222e-06,0.0165133096270763,0.000298844776685698
-0.033,4.92011347806674e-06,0.0158997113506881,0.000297949413868796
-0.032,3.07140308945752e-06,0.0153143599848328,0.000297150953876193
-0.031,1.85963497576381e-06,0.0147567765516062,0.00029645521094831
-0.03,1.08873242214138e-06,0.0142259024305425,0.00029585445251209
-0.029,6.14196802071272e-07,0.013721389289899,0.000295352862207797
-0.028,3.32553565345791e-07,0.0132421975732012,0.000294943468217393
-0.027,1.72029309436432e-07,0.0127879229924153,0.000294627958761723
-0.026,8.4575471154706e-08,0.0123576568284831,0.000294400752562252
-0.025,3.92768095924338e-08,0.0119508371261575,0.000294264697946512
-0.024,1.71074208215634e-08,0.0115667514856178,0.00029421037142866
-0.023,6.9303988995903e-09,0.0112047576556896,0.000294240430905847
-0.022,2.58562693104268e-09,0.0108643394576918,0.000294351133467976
-0.021,8.78008232739639e-10,0.0105448950735497,0.000294542884532054
-0.02,2.67562838562227e-10,0.0102455229149737,0.000294809042481513
-0.019,7.19326743254051e-11,0.00996591340001958,0.000295146605714339
-0.018,1.67081886874437e-11,0.00970546717705121,0.00029555686197809
-0.017,3.26761291420171e-12,0.0094634420285719,0.000296032942424425
-0.016,5.20983589757557e-13,0.00923944515102251,0.000296576817870873
-0.015,6.50083177131048e-14,0.00903282460238058,0.000297182956397579
-0.014,6.02359403081013e-15,0.00884306404012599,0.000297851950248271
-0.013,3.86951424544882e-16,0.00866945245395716,0.00029857689413317
-0.012,1.57253623192643e-17,0.00851170320173884,0.000299361597940391
-0.011,3.56825408667678e-19,0.00836905531596559,0.000300194111951122
-0.01,3.79573773910031e-21,0.00824122374901837,0.000301081957247805
-0.00900000000000001,1.47045465841303e-23,0.00812738318720523,0.00030202003844129
-0.00800000000000001,1.4204195067099e-26,0.00802726677878129,0.000303002460886666
-0.00700000000000001,1.88661190647379e-30,0.00794026821045659,0.000304031805631348
-0.00600000000000001,1.27762025593597e-35,0.00786573459146574,0.000305098709032336
-0.005,7.39687777325781e-43,0.0078034028930499,0.000306211753549283
-0.004,1.02936840235091e-53,0.00775257335893747,0.000307359663994209
-0.003,8.27653010899227e-72,0.00771273130199782,0.0003085461176909
-0.002,5.3397240686531e-108,0.00768346603894549,0.000309762780781774
-0.001,1.42814454202194e-216,0.00766416020043299,0.000311013009171747
0,0,0.00765439506587198,0.000312292921917015
0.001,0,0.00765338816500854,0.00031359579310097
0.002,0,0.00766113289224348,0.000314930490279726
0.003,0,0.00767654348526889,0.000316280593298449
0.004,0,0.00769950812203667,0.000317654762116282
0.005,0,0.00772909788129964,0.000319040262915781
0.00600000000000001,0,0.00776518935393365,0.000320446053417665
0.00700000000000001,0,0.00780691256148441,0.000321859982929083
0.00800000000000001,0,0.00785386355382899,0.000323283457761996
0.00900000000000001,0,0.0079053923544455,0.00032471101878157
0.01,0,0.00796109641659225,0.000326144762433044
0.011,0,0.00802039540309356,0.000327577035719775
0.012,0,0.00808241877577372,0.000329003430313619
0.013,0,0.00814699879255455,0.000330426797797916
0.014,0,0.00821332953995012,0.000331839253528672
0.015,0,0.00828066369445963,0.000333234852051965
0.016,0,0.00834863267517891,0.000334619229685104
0.017,0,0.00841665459856078,0.000335983580583574
0.018,0,0.00848392816383446,0.000337323091128253
0.019,0,0.00854982619754779,0.000338636178026845
0.02,0,0.00861405360725629,0.000339921142699477
0.021,0,0.00867548596394734,0.000341173171302212
0.022,0,0.00873375691396567,0.000342389461011164
0.023,0,0.00878806519826668,0.000343568657881483
0.024,0,0.00883794789492227,0.000344705857165931
0.025,0,0.00888259820337736,0.000345806385467662
0.026,0,0.0089213560974839,0.000346855522221627
0.027,0,0.00895346400387098,0.000347864238582945
0.028,0,0.00897827420715362,0.000348823812640222
0.029,0,0.00899531029417391,0.00034973814222025
0.03,0,0.00900368798728066,0.000350610006792363
0.031,0,0.00900255709906062,0.000351427222653628
0.032,0,0.00899160292067644,0.000352211311449397
0.033,0,0.00896959806579642,0.000352945108614706
0.034,0,0.00893627756946433,0.000353642664076491
0.035,0,0.00889069336207223,0.000354308355079156
0.036,0,0.00883238132110603,0.000354947065819271
0.037,0,0.00876046314540683,0.00035555733515588
0.038,0,0.0086741399568666,0.000356155395337699
0.039,0,0.00857277155980699,0.000356744403765452
0.04,0,0.00845595493058904,0.00035734091374324
0.041,0,0.00832259108905426,0.000357946870874166
0.042,0,0.00817216330319775,0.000358577460982116
0.043,0,0.0080040552506431,0.000359248884850163
0.044,0,0.00781747388743188,0.000359974214207543
0.045,0,0.00761193749083976,0.000360768636982622
0.046,0,0.00738644966887133,0.000361644145474628
0.047,0,0.00714079735571511,0.000362632516746501
0.048,0,0.00687413977306831,0.000363743013409617
0.049,0,0.00658599863230693,0.000365004823591395
0.05,0,0.00627561223267616,0.000366429818224545
0.051,0,0.0059425362539565,0.000368051858481095
0.052,0,0.00558628760430117,0.000369889428447599
0.053,0,0.00520625732109217,0.000371970733690869
0.054,0,0.00480203752388368,0.000374322988625393
0.055,0,0.0043730878158295,0.00037697220787049
0.056,0,0.00391901242637575,0.000379946230753173
0.0570000000000001,0,0.00343937778699379,0.000383271091093722
0.0580000000000001,0,0.00293389418394182,0.000386982796263468
0.0590000000000001,0,0.00240223574077359,0.000391103051568649
0.0600000000000001,0,0.00184406627315004,0.00039566124592778
0.0610000000000001,0,0.00125902059302634,0.000400686309447413
0.0620000000000001,0,0.000647126508619681,0.000406206119222189
0.0630000000000001,0,7.92185269855851e-06,0.000412249385681964
0.0640000000000001,0,-0.000658453947030749,0.000418832688318896
0.0650000000000001,0,-0.00135219479216938,0.000425989221345718
0.0660000000000001,0,-0.00207320748179516,0.00043373942599351
0.0670000000000001,0,-0.00282168809546004,0.000442099500744534
0.0680000000000001,0,-0.00359728840109384,0.000451096249233455
0.0690000000000001,0,-0.0043999821906596,0.000460733153435948
0.0700000000000001,0,-0.00522956263112903,0.000471033588648709
0.0710000000000001,0,-0.00608573787796161,0.000481998781496613
0.0720000000000001,0,-0.00696828880893533,0.000493640015767221
0.0730000000000001,0,-0.00787648032708764,0.000505960292283447
0.0740000000000001,0,-0.00881014059082664,0.000518951162828277
0.0750000000000001,0,-0.00976860163042076,0.00053261164601945
0.0760000000000001,0,-0.0107512197345117,0.00054693015251049
0.077,0,-0.0117572265426973,0.000561888771886057
0.078,0,-0.0127859023003934,0.000577474505814256
0.079,0,-0.0138360853382838,0.000593652937383301
0.08,0,-0.014907182135935,0.000610396222331075
0.081,0,-0.0159976413399168,0.000627669625819508
0.082,0,-0.0171064447690782,0.000645428676062518
0.083,0,-0.0182323311023309,0.000663627169812041
0.084,0,-0.0193737952247422,0.000682210946921957
0.085,0,-0.0205291184039824,0.000701114350768146
0.086,0,-0.0216966877266881,0.000720283927331467
0.087,0,-0.0228746564635777,0.000739640285085687
0.088,0,-0.0240610549331859,0.000759103059892081
0.089,0,-0.0252537513891612,0.000778601126783015
0.09,0,-0.0264502361093596,0.000798041084919229
0.091,0,-0.0276482988319714,0.000817333526963036
0.092,0,-0.0288450390673452,0.000836380103963993
0.093,0,-0.0300377449104327,0.000855085293976486
0.094,0,-0.0312233174173184,0.000873343847315598
0.095,0,-0.0323985693081087,0.000891054845160258
0.096,0,-0.0335600060131276,0.000908109006036382
0.097,0,-0.0347039948671566,0.000924404959812209
0.098,0,-0.0358266583232992,0.000939834592551633
0.099,0,-0.0369238556833791,0.000954292885194807
0.1,0,-0.0379913219327628,0.000967688566016849
0.101,0,-0.039024442929374,0.000979925339379137
0.102,0,-0.0400186637672527,0.000990911514461002
0.103,0,-0.0409688878548114,0.00100058592839086
0.104,0,-0.0418699796974463,0.00100886929428197
0.105,0,-0.0427167155099531,0.0010157236459829
0.106,0,-0.0435036571308322,0.00102110791846425
0.107,0,-0.0442251710214345,0.00102501696027474
0.108,0,-0.0448756494374353,0.00102745818922933
0.109,0,-0.045449464615611,0.00102847116432341
0.11,0,-0.0459410272045522,0.00102812232489672
0.111,0,-0.0463447505071308,0.0010265156886233
0.112,0,-0.046655369328959,0.00102378528663906
0.113,0,-0.0468677382681375,0.00102011192114218
0.114,0,-0.0469772137297355,0.00101571837346999
0.115,0,-0.0469794831793466,0.0010108723880198
0.116,0,-0.0468709785081362,0.00100588851582677
0.117,0,-0.0466487331990676,0.00100113078730585
0.118,0,-0.0463106632165447,0.000997001821125306
0.119,0,-0.0458557300013394,0.000993949745591596
0.12,0,-0.0452840053092838,0.000992449560930864
0.121,0,-0.044596885796617,0.000992999636450873
0.122,0,-0.0437971629870245,0.000996096581064443
0.123,0,-0.042889061470326,0.00100222793297785
0.124,0,-0.0418788101806256,0.00101182777442649
0.125,0,-0.0407740109026937,0.00102526650256724
0.126,0,-0.0395844363059348,0.00104280414182225
0.127,0,-0.0383215441710827,0.0010645638835676
0.128,0,-0.0369986234516772,0.00109049872605132
0.129,0,-0.0356308095480712,0.00112035917660566
0.13,0,-0.0342348892942909,0.00115367730734254
0.131,0,-0.0328290902660681,0.0011897516337872
0.132,0,-0.0314328381966364,0.00122766220155894
0.133,0,-0.0300664124533017,0.00126629316785783
0.134,0,-0.0287505099394181,0.00130438487849373
0.135,0,-0.027505897159239,0.00134060703985874
0.136,0,-0.0263524482527768,0.00137366042961162
0.137,0,-0.0253090068644526,0.00140238294123978
0.138,0,-0.0243923298267319,0.00142588511635693
0.139,0,-0.0236164157839222,0.00144367393989041
0.14,0,-0.0229918501937643,0.00145576847400175
0.141,0,-0.022524916623405,0.00146279488703128
0.142,0,-0.0222169300499007,0.00146603435866007
0.143,0,-0.0220635413836963,0.00146742887806503
0.144,0,-0.0220541477540613,0.00146951823676708
0.145,0,-0.0221714865339641,0.00147531953369078
0.146,0,-0.0223912486582848,0.00148813670775442
0.147,0,-0.0226821769132319,0.00151132782165447
0.148,0,-0.0230059646725863,0.0015480217099893
0.149,0,-0.0233178547139592,0.00160082146966729
0.15,0,-0.0235672127472044,0.00167150280805352
0.151,0,-0.0236985058741116,0.00176074524217128
0.152,0,-0.0236524783965553,0.00186789800201103
0.153,0,-0.0233677645690778,0.00199080626853976
0.154,0,-0.0227825003436443,0.00212573331351489
0.155,0,-0.0218363819238609,0.00226736651398303
0.156,0,-0.0204727843877478,0.00240895315598935
0.157,0,-0.0186411623789918,0.0025425549920777
0.158,0,-0.0162991926714706,0.00265948626214469
0.159,0,-0.0134154779081003,0.00275089486764439
0.16,0,-0.00997148490489618,0.00280854985240791
0.161,0,-0.00596453034436804,0.00282574823484701
0.162,0,-0.00140929166151944,0.00279833178812793
0.163,0,0.00365968633500124,0.00272570408094052
0.164,0,0.00918654388380878,0.00261169447111914
0.165,0,0.0150923616952567,0.00246513176558108
0.166,0,0.0212739667976735,0.00229996801853237
0.167,0,0.0276032575017958,0.00213478663942187
0.168,0,0.0339274647445775,0.00199167986870967
0.169,0,0.040068799788295,0.00189453439797996
0.17,0,0.0458273506650854,0.00186680241549466
0.171,0,0.0509821034439663,0.00192908263493219
0.172,0,0.0552966321674142,0.00209669773418251
0.173,0,0.0585241891243978,0.00237762419508457
0.174,0,0.0604158553305785,0.00277090529671929
0.175,0,0.0607309089861659,0.00326576589948558
0.176,0,0.059249651395079,0.00384136867210235
0.177,0,0.0557887584876031,0.00446733615664745
0.178,0,0.0502189455452138,0.00510495396201822
0.179,0,0.0424847954255743,0.00570925457496997
0.18,0,0.0326255177351441,0.00623210912979117
0.181,0,0.0207961247241679,0.00662654468577868
0.182,0,0.00728647459915306,0.00685217056962445
0.183,0,-0.00746112490829933,0.00688132556672086
0.184,0,-0.0228414711081119,0.00670504641793803
0.185,0,-0.0380825748358772,0.00633724165366029
0.186,0,-0.0522515237477717,0.00581559683969243
0.187,0,-0.0642712380537819,0.00519780096436969
0.188,0,-0.0729517425040903,0.00455295589686828
0.189,0,-0.077033758977583,0.0039493353799785
0.19,0,-0.0752461188099023,0.00344156058801049
0.191,0,-0.066374782111469,0.00306100142888258
0.192,0,-0.0493403417908278,0.00281314615383292
0.193,0,-0.0232802432666884,0.00268377740346376
0.194,0,0.0123727097556226,0.0026526184791236
0.195,0,0.0578171360997474,0.00270968318904424
0.196,0,0.112825690837646,0.00286694561499669
0.197,0,0.176713506763025,0.00315848038609186
0.198,0,0.248332807180302,0.00362539658539978
0.199,0,0.32609333781739,0.00428832539658807
0.2,1,0.408030586122662,0.00511726139599974
0.201,1,0.491897209004429,0.00601230927837039
0.202,1,0.575282061885393,0.00680894793974292
0.203,1,0.655755802208703,0.00731346283605694
0.204,1,0.731020194907205,0.00736299033124426
0.205,1,0.799058808983409,0.00689136570491379
0.206,1,0.858263943776792,0.00597605601892084
0.207,1,0.907540061322459,0.00484169647940359
0.208,1,0.946360649960706,0.00381165542032492
0.209,1,0.974781902024548,0.0032159637402078
0.21,1,0.993403991887005,0.00328543650928133
0.211,1,1.0032870386935,0.00407002657162849
0.212,1,1.00583085286575,0.00541474312386902
0.213,1,1.0026300278203,0.0070062760374859
0.214,1,0.99532377451563,0.00847579529147618
0.215,1,0.985454927562872,0.00952074830476102
0.216,1,0.974357038178772,0.00999901889809427
0.217,1,0.96308042601818,0.00995995230513943
0.218,1,0.952363905295829,0.00960223144533214
0.219,1,0.942653338964924,0.0091791448724929
0.22,1,0.934158489996493,0.00889232574725072
0.221,1,0.926936592901055,0.0088181488923401
0.222,1,0.920985713392573,0.00889406619379802
0.223,1,0.916328896993955,0.00896436118642784
0.224,1,0.913073124069645,0.00885933138903991
0.225,1,0.911431614265433,0.00846982834740305
0.226,1,0.911703436168505,0.00778575154459051
0.227,1,0.914214810736528,0.00688753987668154
0.228,1,0.919232429562722,0.00590278853868513
0.229,1,0.926866167565291,0.00495465354223536
0.23,1,0.936982855678573,0.00412706198783258
0.231,1,0.949151168447793,0.00345878133869245
0.232,1,0.962633427886246,0.00296008084057856
0.233,1,0.976435022832553,0.0026346900275468
0.234,1,0.989406539918012,0.0024903944668846
0.235,1,1.00038980700837,0.00253179435902272
0.236,1,1.00838275751934,0.00274174544655856
0.237,1,1.01269664322542,0.00306528366851164
0.238,1,1.013076425776,0.00340878717557537
0.239,1,1.00975830503603,0.00365941886757163
0.24,1,1.00344976050946,0.00372097108478545
0.241,1,0.995230244144884,0.00355497293516748
0.242,1,0.986384764647558,0.00321217795655765
0.243,1,0.978197929458191,0.00283857528710415
0.244,1,0.971743705840938,0.00264423454910944
0.245,1,0.967709352903523,0.0028348253333565
0.246,1,0.966287264199948,0.00352405319693289
0.247,1,0.967156493045615,0.00466267033785603
0.248,1,0.969559301731727,0.00602334204430355
0.249,1,0.972459771905254,0.00726247114950963
0.25,1,0.97475556506484,0.00804415857089558
0.251,1,0.975503459246084,0.00817734112734136
0.252,1,0.974116781085597,0.00770485511014932
0.253,1,0.97049730519122,0.00690169923577809
0.254,1,0.965077442867263,0.00617899081075152
0.255,1,0.958764326180858,0.00592879980657048
0.256,1,0.952794872469979,0.0063674607927126
0.257,1,0.948526232734229,0.00743649557270363
0.258,1,0.947196294867937,0.00880408030352622
0.259,1,0.949692278921755,0.00997852715513391
0.26,1,0.956365446472687,0.0105001671313206
0.261,1,0.96692099192147,0.0101337360063427
0.262,1,0.980404550553611,0.00896675103123841
0.263,1,0.995291157296737,0.00735660411097374
0.264,1,1.00967325543305,0.00575265323003846
0.265,1,1.02152903270064,0.00449937423576733
0.266,1,1.02903948195222,0.00374009906154744
0.267,1,1.03091377288984,0.00346619375071413
0.268,1,1.02667155960188,0.00364535201235208
0.269,1,1.01682906868983,0.00430342516569848
0.27,1,1.00293922604346,0.00547999814191543
0.271,1,0.987450764892916,0.00709345050114483
0.272,1,0.97337794701306,0.0088388260256933
0.273,1,0.963804886812765,0.0102274089009412
0.274,1,0.961292974353691,0.0107730312168377
0.275,1,0.967293763727533,0.0102237822690416
0.276,1,0.981695331623596,0.00870608556470888
0.277,1,1.00263120281308,0.0066999548390662
0.278,1,1.02664738512224,0.00485082019754909
0.279,1,1.04926495061384,0.00369633342847663
0.28,1,1.06588081347502,0.00343159329074819
0.281,1,1.07285404589708,0.00384127028976364
0.282,1,1.06854082065419,0.0044646210158231
0.283,1,1.05399436185718,0.00491789670563538
0.284,1,1.03307157459617,0.00515301386921072
0.285,1,1.01178521721425,0.00542742579394586
0.286,1,0.996906949934762,0.00597266936293301
0.287,1,0.9940373098282,0.00664285099478538
0.288,1,1.00554668747221,0.00691158652589479
0.289,1,1.02891903195911,0.00630578723767607
0.29,1,1.05602427582204,0.00491947397151455
0.291,1,1.07369416608509,0.00348817133892981
0.292,1,1.06569289396882,0.00286883058019232
0.293,1,1.01581402159857,0.00336848522217364
0.294,1,0.911496519856775,0.00457997011295625
0.295,1,0.747140936865378,0.00591324025201553
0.296,1,0.526273455392433,0.00727432413616893
0.297,1,0.261934048066936,0.00912268547120439
0.298,1,-0.0249537134444976,0.0117527761780015
0.299,1,-0.308984768317247,0.0145242098005361
0.3,-1,-0.564754541736154,0.015970252716421
0.301,-1,-0.771407953673687,0.0149231802554173
0.302,-1,-0.916256996024233,0.0117222753142415
0.303,-1,-0.996648543954462,0.00830914659690981
0.304,-1,-1.01970630362926,0.00692362143535293
0.305,-1,-1.00010337176733,0.00839522424934738
0.306,-1,-0.956465324760858,0.0114742447856811
0.307,-1,-0.907327736479616,0.0137884900190408
0.308,-1,-0.867599010281882,0.0136211160486402
0.309,-1,-0.846292935539822,0.0110417611952578
0.31,-1,-0.845911941053123,0.00756668742341198
0.311,-1,-0.863406273139486,0.00482531451020125
0.312,-1,-0.892249587537925,0.00345937577481636
0.313,-1,-0.924934431008679,0.00306491449692246
0.314,-1,-0.955169025522457,0.00293827448620948
0.315,-1,-0.979231509269723,0.00275793642143687
0.316,-1,-0.996252410679308,0.00263528244645337
0.317,-1,-1.00753446987043,0.00272392685659693
0.318,-1,-1.01529271965806,0.00294833344258145
0.319,-1,-1.02132888997551,0.00310929745170305
0.32,-1,-1.02610963563561,0.00312560756089401
0.321,-1,-1.02853546095296,0.00307616972390585
0.322,-1,-1.02642544712017,0.00304005736517175
0.323,-1,-1.01750092091372,0.0030054331462523
0.324,-1,-1.00049386156307,0.00298655168739277
0.325,-1,-0.975987627127616,0.00315956574919025
0.326,-1,-0.946702178605936,0.00375827712773438
0.327,-1,-0.917126348830371,0.00477177924696322
0.328,-1,-0.89260692440499,0.00579018790209044
0.329,-1,-0.878155833777875,0.00626110919153153
0.33,-1,-0.877306101289101,0.00600088813508407
0.331,-1,-0.891308506890584,0.00548904817554312
0.332,-1,-0.918851163327392,0.00560560590576801
0.333,-1,-0.956336571434119,0.00694991382240508
0.334,-1,-0.998615206445151,0.0092736266967254
0.335,-1,-1.03998042280953,0.0115137220520866
0.336,-1,-1.07519153352814,0.0124502303635739
0.337,-1,-1.10031530180114,0.0115163621329775
0.338,-1,-1.11323817292262,0.00916512511416275
0.339,-1,-1.11378281740235,0.00654481450806482
0.34,-1,-1.1034528646797,0.00475853159254191
0.341,-1,-1.08489975183465,0.00425274084097688
0.342,-1,-1.0612532831684,0.00471824063309979
0.343,-1,-1.03546767882501,0.00548150009483145
0.344,-1,-1.0098231340555,0.00604924535501693
0.345,-1,-0.985669435340054,0.00642437714404214
0.346,-1,-0.963442338609484,0.00699583724351855
0.347,-1,-0.942918613777244,0.00808833540073536
0.348,-1,-0.923625071926703,0.00951100789961504
0.349,-1,-0.905287463660901,0.0105224206327549
0.35,-1,-0.888205942788427,0.0104066100040293
0.351,-1,-0.873463555157505,0.00938548284165564
0.352,-1,-0.862914577573786,0.00919336658679092
0.353,-1,-0.858946990106475,0.0126870925680418
0.354,-1,-0.864058362380874,0.0224369892283576
0.355,-1,-0.880321849209358,0.038980746988864
0.356,-1,-0.908843986568379,0.059785528190921
0.357,-1,-0.949323560375436,0.0796678083244124
0.358,-1,-0.999807636525351,0.0926359234426277
0.359,-1,-1.05671767915575,0.0943400983594796
0.36,-1,-1.11516766407035,0.0839692526744237
0.361,-1,-1.16955151831464,0.0646954624581062
0.362,-1,-1.21431477637388,0.0424565666265577
0.363,-1,-1.24478925190726,0.023631959881395
0.364,-1,-1.25794103632695,0.0126523630759962
0.365,-1,-1.25289460039154,0.0105709063129619
0.366,-1,-1.23112185792926,0.0151428629395774
0.367,-1,-1.19624994013617,0.0222354985271422
0.368,-1,-1.15350572343248,0.027790104905338
0.369,-1,-1.10888564919234,0.0293809637148413
0.37,-1,-1.06818989177423,0.0267433402230856
0.371,-1,-1.03608491092098,0.0212609313310809
0.372,-1,-1.01535793720042,0.0149288698531207
0.373,-1,-1.00649371411429,0.00943832986691006
0.374,-1,-1.00765482467035,0.00575092412757252
0.375,-1,-1.01507777960213,0.00411608927728397
0.376,-1,-1.02383030057003,0.0042611914115953
0.377,-1,-1.02880945690207,0.00556076357673907
0.378,-1,-1.02581122022262,0.00719951713194179
0.379,-1,-1.01247667160852,0.00842588237785715
0.38,-1,-0.98892432682725,0.00886693042969473
0.381,-1,-0.957920403200182,0.00870445967715654
0.382,-1,-0.924511386920347,0.00852123701238001
0.383,-1,-0.89514057179062,0.00885888942768528
0.384,-1,-0.876381777044492,0.0097886964655764
0.385,-1,-0.873510470860858,0.0108322487833921
0.386,-1,-0.889191006783012,0.0113175658157687
0.387,-1,-0.922563018202573,0.0109109966535102
0.388,-1,-0.968945259491453,0.00991228667733185
0.389,-1,-1.02026698827528,0.00907180440285874
0.39,-1,-1.06618719098853,0.00905597768275314
0.391,-1,-1.09571131315146,0.00995858380850484
0.392,-1,-1.09901161658769,0.0112197625559783
0.393,-1,-1.06910069876631,0.0120021809583998
0.394,-1,-1.00303343306834,0.0117335154128599
0.395,-1,-0.902417189549382,0.0104223804032361
0.396,-1,-0.773150719546078,0.00855750570606213
0.397,-1,-0.62446510247387,0.00672503513455265
0.398,-1,-0.467496304015753,0.00526489885568533
0.399,-1,-0.313667652696379,0.0041967007766858
0.4,-1,-0.173180121718045,0.00339420284402802
0.401,0,-0.0538788230591081,0.00279982073951384
0.402,0,0.0393885580792538,0.00248695203344511
0.403,0,0.104876017469374,0.00255069809453443
0.404,0,0.143590348900275,0.00295874259011769
0.405,0,0.158636003944548,0.00350752932567452
0.406,0,0.154429436824867,0.00391828269372664
0.407,0,0.135935675503071,0.00398983368343627
0.408,0,0.108045956408543,0.00369477006915727
0.409,0,0.0751482310175324,0.00316454804557371
0.41,0,0.0408951598962615,0.00259332398412699
0.411,0,0.00813560745232887,0.00213351816589058
0.412,0,-0.0210497388789529,0.00184165139633217
0.413,0,-0.0452579682974217,0.00168853522830274
0.414,0,-0.0636667766260945,0.00160951180519437
0.415,0,-0.0759515465594551,0.00155801249482456
0.416,0,-0.0822239147568376,0.00153517698394462
0.417,0,-0.0829842227821313,0.00158679238030058
0.418,0,-0.0790746418551747,0.00177460434399968
0.419,0,-0.0716177038234477,0.00213808815592386
0.42,0,-0.061933616981763,0.0026644898346698
0.421,0,-0.0514331132826258,0.00328076886356033
0.422,0,-0.0414962352081573,0.00387159039229771
0.423,0,-0.0333468851204652,0.0043167032176283
0.424,0,-0.0279414437886315,0.00453223049539218
0.425,0,-0.0258850849272818,0.00449884093355374
0.426,0,-0.0273873402677733,0.00426575674495417
0.427,0,-0.0322620824086177,0.00393041803215712
0.428,0,-0.0399701333928619,0.00360377497683657
0.429,0,-0.0496974820994083,0.00337556836162756
0.43,0,-0.060456447504062,0.00329185840216009
0.431,0,-0.0711967688378429,0.00334991028905592
0.432,0,-0.0809111353190365,0.00350823571753243
0.433,0,-0.0887264272209363,0.00370502302096168
0.434,0,-0.0939701408812629,0.00387753807187029
0.435,0,-0.0962095720964189,0.00397731214662806
0.436,0,-0.0952638784331163,0.00397882823865124
0.437,0,-0.0911921874974399,0.00388167361792984
0.438,0,-0.0842625046757454,0.00370726400833632
0.439,0,-0.0749088860736267,0.00349177031276604
0.44,0,-0.063681781924278,0.00327710094225317
0.441,0,-0.0511965310518543,0.0031019931748406
0.442,0,-0.0380863487963695,0.00299507734961102
0.443,0,-0.0249603925478687,0.00297105681191724
0.444,0,-0.0123692303742674,0.00303027263108977
0.445,0,-0.000779900900364276,0.00316090955665038
0.446,0,0.00944117426617774,0.00334279979108372
0.447,0,0.018037167783302,0.00355161514765271
0.448,0,0.0248619780801547,0.00376274491091251
0.449,0,0.029874716435919,0.00395443760059891
0.45,0,0.0331300379340374,0.00411006901788618
0.451,0,0.0347633435106362,0.00421939750622624
0.452,0,0.0349737938725027,0.00427880256676598
0.453,0,0.0340059398896105,0.00429039512090299
0.454,0,0.0321312382477453,0.00426031992327496
0.455,0,0.0296303069658129,0.00419651904894173
0.456,0,0.0267770867772308,0.00410657605239671
0.457,0,0.0238257808900572,0.00399607616710772
0.458,0,0.0210000543957202,0.00386788283105997
0.459,0,0.018486392705889,0.00372237378216742
0.46,0,0.0164294964498769,0.00355842951204027
0.461,0,0.0149310790010503,0.00337484735630529
0.462,0,0.0140510448793103,0.00317171611824629
0.463,0,0.0138106884700349,0.00295138973852732
0.464,0,0.0141971474647264,0.00271889833508477
0.465,0,0.0151692332200931,0.00248168703670315
0.466,0,0.0166633708231074,0.00224884723065951
0.467,0,0.0185997467533543,0.00203003872909106
0.468,0,0.0208881406423385,0.00183429832163056
0.469,0,0.0234333351976962,0.00166904154123198
0.47,0,0.0261396712181327,0.00153931231112413
0.471,0,0.028914834692662,0.00144741435044363
0.472,0,0.0316726297895976,0.00139292482700707
0.473,0,0.0343351628697447,0.00137301289830974
0.474,0,0.0368342050832384,0.00138295011513591
0.475,0,0.0391117541908823,0.0014167971986615
0.476,0,0.0411197266129435,0.0014680188714233
0.477,0,0.0428202887918754,0.00153009869232454
0.478,0,0.0441842390148393,0.00159698087218194
0.479,0,0.0451912125548357,0.00166343232068575
0.48,0,0.045827248206397,0.00172514053248393
0.481,0,0.0460848298246344,0.00177880786199287
0.482,0,0.0459611656917797,0.00182206145405877
0.483,0,0.0454577688687059,0.0018533631100143
0.484,0,0.0445798298002732,0.00187193403687037
0.485,0,0.0433351283846087,0.00187755865498822
0.486,0,0.0417339958110802,0.00187062818750347
0.487,0,0.0397901000758383,0.00185219175283804
0.488,0,0.0375195870638593,0.00182395687611326
0.489,0,0.0349422357653967,0.00178849873158204
0.49,0,0.0320818233391034,0.00174936035423397
0.491,0,0.0289671651334036,0.00171116889187436
0.492,0,0.0256334398855264,0.00167958736138678
0.493,0,0.0221222975682813,0.00166112165456039
0.494,0,0.0184831460509302,0.001662712197861
0.495,0,0.0147736146599432,0.0016910593286391
0.496,0,0.0110603629059477,0.00175177691316838
0.497,0,0.00741724863367006,0.00184851961507965
0.498,0,0.00392549904326399,0.00198202864646037
0.499,0,0.000670985159283321,0.0021496159559984
0.5,0,-0.00225910362539281,0.00234502689655926
